Averages: Potential, Rg, Re, AR, MCAcc
-488.399079,5.772115,13.170733,0.254500,0.159675
