Averages: Potential, Rg, Re, AR, MCAcc
-472.549291,5.909222,9.295432,0.223850,0.144075
