Averages: Potential, Rg, Re, AR, MCAcc
-613.843604,5.582420,9.485363,0.218350,0.167100
