Averages: Potential, Rg, Re, AR, MCAcc
-471.853867,5.843270,10.525439,0.251450,0.169025
