Averages: Potential, Rg, Re, AR, MCAcc
-992.968524,7.253966,5.580319,0.137550,0.107000
